entry_time,entry_price,stop_loss,take_profit,size,commission_entry,trailing_stop,exit_time,exit_price,commission_exit,pnl_$,pnl_%
2019-10-26 09:00:00+00:00,9234.21,9204.615642857141,9313.128285714285,0.1082929671298357,0.1,9204.615642857141,2019-10-26 09:30:00+00:00,9204.615642857141,0.09967951392547,-3.3045402592256004,-0.0032048607453001306
2020-03-20 12:00:00+00:00,6559.5,6523.335,6655.9400000000005,0.11022761893994473,0.07230380664365675,6568.6368571428575,2020-03-20 13:00:00+00:00,6568.6368571428575,0.07240452004440191,0.9347294874072045,0.001392919756514594
2020-03-20 13:30:00+00:00,6487.73,6453.346571428571,6579.419142857142,0.14504921801928697,0.09410401632202686,6551.573142857143,2020-03-20 14:00:00+00:00,6551.573142857143,0.09503005611675908,9.16536789120546,0.009840597999168121
2020-10-22 02:30:00+00:00,12773.16,12748.112571428572,12839.953142857143,0.07880032421862887,0.10065291492964216,12748.112571428572,2020-10-22 03:30:00+00:00,12748.112571428572,0.10045554038041501,-2.074201032651897,-0.001960942207834874
2020-10-22 23:15:00+00:00,12999.21,12974.157642857142,13066.016285714286,0.07726271791507637,0.10043542953488399,12974.157642857142,2020-10-22 23:45:00+00:00,12974.157642857142,0.10024186821458037,-2.0358550712508614,-0.0019272215113731248
2020-10-21 23:00:00+00:00,12864.41,12826.568642857143,12965.320285714286,0.07790625491942921,0.10022180048480543,12826.568642857143,2020-10-21 23:30:00+00:00,12826.568642857143,0.09992699264319857,-3.0480054087118034,-0.0029415540349582536
2020-11-05 18:00:00+00:00,14968.1,14920.007,15096.348,0.06674659961109677,0.09990697776388577,14920.007,2020-11-05 18:30:00+00:00,14920.007,0.09958597334237611,-3.309630188438904,-0.003213033050286994
2020-11-06 03:00:00+00:00,15543.53,15486.37592857143,15695.940857142858,0.0557460333074324,0.08664901410950747,15516.535999999998,2020-11-06 03:45:00+00:00,15516.535999999998,0.08649853326719738,-1.5913069563681623,-0.0017366711422696398
2020-11-16 21:45:00+00:00,16695.41,16671.800642857143,16758.368285714285,0.05953626083469511,0.09939822845021772,16671.800642857143,2020-11-16 22:15:00+00:00,16671.800642857143,0.09925766716571804,-1.5048705121623445,-0.0014141226326791216
2020-11-17 21:30:00+00:00,17544.84,17508.838714285714,17640.84342857143,0.05645326648634566,0.09904635279802969,17508.838714285714,2020-11-17 22:00:00+00:00,17508.838714285714,0.09884311378040171,-2.131233290060086,-0.002051958622266518
2020-11-18 09:15:00+00:00,17935.34,17885.46007142857,18068.353142857144,0.03252326331088748,0.05833157853902926,18012.702285714287,2020-11-18 09:45:00+00:00,18012.702285714287,0.05858318593789105,2.4574908026799833,0.0043133994512670115
2020-11-21 02:30:00+00:00,18770.47,18737.601142857144,18858.12028571429,0.05287810562776783,0.09925468953428473,18737.601142857144,2020-11-21 03:00:00+00:00,18737.601142857144,0.09908088524429833,-1.8371237851083257,-0.0017510939866107482
2020-11-25 12:00:00+00:00,19163.88,19138.27285714286,19232.165714285715,0.05169154246781991,0.09906105168682047,19204.773142857142,2020-11-25 12:30:00+00:00,19204.773142857142,0.09927243464988472,2.0145571959926643,0.0021338655249950093
2020-11-30 16:45:00+00:00,19196.4,19116.484500000002,19409.508,0.05170375763229097,0.09925260130125105,19257.713,2020-11-30 17:30:00+00:00,19409.508,0.10035444973940127,10.918129931762873,0.011101456523098088
2020-11-30 18:15:00+00:00,19240.33,19167.561142857143,19434.380285714287,0.05214800839398139,0.10033448903429722,19167.561142857143,2020-11-30 18:45:00+00:00,19167.561142857143,0.0999550139369866,-3.8947059870432255,-0.003782100262462177
2020-12-17 10:15:00+00:00,22535.5,22413.364642857145,22861.194285714286,0.03272925623652149,0.07375701539181301,22413.364642857145,2020-12-17 10:45:00+00:00,22413.364642857145,0.07335727545186625,-4.070756674919444,-0.00541968703347409
2020-12-17 17:45:00+00:00,23023.98,22950.211714285713,23220.695428571427,0.04317108693700213,0.09939702422157985,22950.211714285713,2020-12-17 18:15:00+00:00,22950.211714285713,0.09907855851400334,-3.2837356342790707,-0.0032039762766596534
2020-12-17 18:15:00+00:00,22898.53,22810.37157142857,23133.619142857144,0.028801158121246565,0.0659504183274108,23061.176571428572,2020-12-17 18:45:00+00:00,23061.176571428572,0.06641885928957011,4.617990762303392,0.007102926320098855
2020-12-17 18:45:00+00:00,23250.27,23154.83164285714,23504.772285714287,0.04285430852467772,0.09963742438620586,23154.83164285714,2020-12-17 19:15:00+00:00,23154.83164285714,0.09922842990599702,-4.189173231994451,-0.004104827907067697
2020-12-20 16:45:00+00:00,23630.1,23595.687428571426,23721.866857142857,0.041983971003325335,0.0992085433205678,23685.254571428573,2020-12-20 17:15:00+00:00,23721.866857142857,0.099593817027503,3.7531432523245667,0.0038834730764092623
2020-12-20 21:00:00+00:00,23762.12,23716.733214285712,23883.15142857143,0.041904483603091056,0.09957393679146821,23716.733214285712,2020-12-20 21:30:00+00:00,23716.733214285712,0.09938374580969207,-2.001293563571031,-0.0019100478288253243
2020-12-23 01:30:00+00:00,23704.61,23658.849285714285,23826.63857142857,0.041917521545991245,0.09936385004143196,23658.849285714285,2020-12-23 02:00:00+00:00,23658.849285714285,0.09917203246872881,-2.0173477595001765,-0.0019304563241376233
2020-12-25 14:30:00+00:00,23984.69,23921.882214285713,24152.177428571427,0.0413397792010144,0.09915217888047781,23978.37614285714,2020-12-25 15:00:00+00:00,24152.177428571427,0.09984456821208666,6.824048747876443,0.006983097491417592
2020-12-27 02:45:00+00:00,26573.9,26511.31892857143,26740.782857142858,0.037564929700712874,0.09982466853737738,26517.878571428573,2020-12-27 03:15:00+00:00,26517.878571428573,0.09961422443477547,-2.204055250453986,-0.0021081372539005663
2020-12-27 03:45:00+00:00,26568.08,26508.111714285715,26727.99542857143,0.03748644258278289,0.09959428054547827,26673.77742857143,2020-12-27 04:15:00+00:00,26673.77742857143,0.09999050260420733,3.8622300846864146,0.0039783615741682396
2020-12-27 11:30:00+00:00,27441.29,27332.03642857143,27732.632857142857,0.03643070137223591,0.09997054412589237,27332.03642857143,2020-12-27 12:00:00+00:00,27332.03642857143,0.09957252570243592,-4.079756760266899,-0.003981356978063697
2020-12-28 02:30:00+00:00,26981.72,26896.41307142857,27209.205142857143,0.03689630290265152,0.09955257139545308,26920.918714285715,2020-12-28 03:15:00+00:00,26920.918714285715,0.09932823712999457,-2.342670891714941,-0.0022534251231680472
2020-12-28 04:00:00+00:00,27076.0,27004.966857142856,27265.421714285716,0.03667762928392009,0.09930834904914204,27004.966857142856,2020-12-28 04:30:00+00:00,27004.966857142856,0.09904781632108343,-2.7043750969071625,-0.0026234725534474966
2020-12-28 15:00:00+00:00,27148.67,27091.91364285714,27300.020285714283,0.036476181228968646,0.09902798070454642,27091.91364285714,2020-12-28 15:30:00+00:00,27091.91364285714,0.09882095518764251,-2.169076124226607,-0.0020905759708618574
2020-12-30 08:15:00+00:00,27963.56,27888.7835,28162.964,0.027059944870677463,0.07566923919878815,27888.7835,2020-12-30 08:45:00+00:00,27888.7835,0.07546689440202593,-2.0989148620242375,-0.0026740693960282573
2020-12-30 23:00:00+00:00,28658.52,28599.7785,28815.164,0.027496668207422748,0.07880138157557891,28704.116,2020-12-30 23:30:00+00:00,28815.164,0.07923210038504726,4.227955994298489,0.005465878907912908
2020-12-31 05:00:00+00:00,28925.02,28875.769642857143,29056.354285714286,0.03422594948774565,0.09899862734520326,28877.821142857145,2020-12-31 05:30:00+00:00,28877.821142857145,0.0988370847751582,-1.7142627852258556,-0.0016317657565268946
2020-12-31 08:00:00+00:00,29024.51,28966.36657142857,29179.559142857142,0.0340461565773018,0.09881730120394618,28966.36657142857,2020-12-31 08:30:00+00:00,28966.36657142857,0.09861934517663778,-2.0781796182606267,-0.0020032527188720032
2021-01-01 12:45:00+00:00,29233.49,29188.746071428573,29352.807142857146,0.03372830322756527,0.09859960151199973,29297.65642857143,2021-01-01 13:15:00+00:00,29352.807142857146,0.09900203798945298,3.9253627365430264,0.004081522351834969
2021-01-02 20:15:00+00:00,32237.25,32132.56135714286,32516.419714285716,0.03070431808715161,0.09898227782550283,32132.56135714286,2021-01-02 20:45:00+00:00,32132.56135714286,0.09866083848646304,-3.313054228884349,-0.0032474433413874175
2021-01-02 21:00:00+00:00,31464.03,31292.90164285714,31920.372285714286,0.023056628561562476,0.07254544527598586,31843.237,2021-01-02 22:15:00+00:00,31843.237,0.07341976877068031,8.669815178173792,0.012052079787617865
2021-01-03 10:15:00+00:00,33739.36,33594.652642857145,34125.24628571429,0.029491016174616715,0.09950080114812163,33811.888,2021-01-03 11:00:00+00:00,33811.888,0.09971469359023288,2.039209727522322,0.0021496554765709375
2021-01-03 12:30:00+00:00,34124.7,34011.39814285714,34426.838285714286,0.029214842047185486,0.09969477204075905,34123.04842857143,2021-01-03 13:00:00+00:00,34123.04842857143,0.09968994700091752,-0.14794034541625223,-4.8398123018535124e-05
2021-01-03 13:15:00+00:00,34162.14,34056.01285714286,34445.14571428571,0.029175575221286883,0.09967000852901335,34056.01285714286,2021-01-03 13:45:00+00:00,34056.01285714286,0.09936037648506847,-3.195680815933866,-0.0031065718616322554
2021-01-03 13:45:00+00:00,33880.0,33781.48557142857,34142.70514285714,0.029321273154240574,0.09934047344656707,33781.48557142857,2021-01-03 14:15:00+00:00,34142.70514285714,0.10011075837184087,7.6027384943662435,0.007753988868274589
2021-01-06 00:15:00+00:00,33625.74,33522.47657142857,33901.10914285714,0.029766129533107387,0.10009081324865904,33713.623,2021-01-06 00:45:00+00:00,33901.10914285714,0.10091048060622967,8.095763095100155,0.008189236663851565
2021-01-06 08:30:00+00:00,34471.31,34356.5285,34777.394,0.029267927582921623,0.10089038047684419,34356.5285,2021-01-06 09:00:00+00:00,34356.5285,0.1005544388138583,-3.4599710686728984,-0.0033297690166111276
2021-01-06 12:30:00+00:00,34594.43,34478.57814285714,34903.368285714285,0.029060832721316474,0.10053429433192923,34478.57814285714,2021-01-06 13:00:00+00:00,34903.368285714285,0.10143209471616454,8.876571747636934,0.008930289810073025
2021-01-06 13:00:00+00:00,34549.78,34433.32492857143,34860.326857142856,0.029352400529687808,0.10141189807725973,34433.32492857143,2021-01-06 13:30:00+00:00,34433.32492857143,0.10107007448723124,-3.519305974772091,-0.0033706458168061395
2021-01-06 19:45:00+00:00,34816.72,34711.58392857143,35097.08285714286,0.029023361847404,0.10104982628997479,34990.88028571429,2021-01-06 20:15:00+00:00,34990.88028571429,0.10155529798914807,4.953161693743844,0.0050022025542407825
2021-01-06 20:15:00+00:00,35220.4,35091.305714285714,35564.65142857143,0.028828473690452168,0.10153503747672017,35752.24514285714,2021-01-06 20:45:00+00:00,35752.24514285714,0.10306826584754533,15.229215442404152,0.015100485595198668
2021-01-07 10:00:00+00:00,37258.38,37162.41621428571,37514.28342857143,0.02765761837127994,0.1030478055172129,37162.41621428571,2021-01-07 10:30:00+00:00,37162.41621428571,0.10278239254093799,-2.7569121552899998,-0.0025756295822386257
2021-01-07 18:45:00+00:00,38948.48,38723.463500000005,39548.524000000005,0.018267426525811776,0.07114884966920496,38723.463500000005,2021-01-07 19:15:00+00:00,38723.463500000005,0.07073780243112042,-4.1812101832764075,-0.005777285788816352
2021-01-07 19:15:00+00:00,38720.26,38462.41835714286,39407.83771428571,0.012700703887405733,0.04917745567033607,38541.21414285714,2021-01-07 20:00:00+00:00,38541.21414285714,0.048950054828952254,-2.322958468667175,-0.004624087161162161
2021-01-07 20:15:00+00:00,38384.36,38108.787071428575,39119.221142857146,0.009484761911121038,0.036406651571075796,38541.53614285714,2021-01-07 20:45:00+00:00,39119.221142857146,0.03710364986884923,6.932879327865482,0.019144806448698006
2021-01-07 23:00:00+00:00,38921.68,38762.25507142857,39346.81314285714,0.02640919078853567,0.10278900729303331,39113.201714285715,2021-01-07 23:45:00+00:00,39113.201714285715,0.10329480064230519,4.954638692076548,0.004920694951649429
2021-01-08 00:15:00+00:00,39453.07,39295.069,39874.406,0.026176465421198312,0.10327419226151165,39295.069,2021-01-08 00:45:00+00:00,39295.069,0.10286060149021019,-4.238768314504875,-0.004004783404688066
2021-01-08 15:15:00+00:00,40487.52,40310.67407142857,40959.10914285714,0.02326092296081298,0.09417770835943748,40463.68814285714,2021-01-08 16:00:00+00:00,40959.10914285714,0.09527466823155306,10.874324052924237,0.011647765604244006
2021-01-08 16:00:00+00:00,40693.13,40509.13121428571,41183.79342857143,0.025536989326034026,0.1039180026452915,41063.07585714286,2021-01-08 16:30:00+00:00,41183.79342857143,0.10517100931910188,12.424895728784808,0.012057647779156622
2021-01-09 15:30:00+00:00,40720.25,40612.32135714286,41008.059714285715,0.025822557675334864,0.10515010041790546,40612.32135714286,2021-01-09 16:00:00+00:00,40612.32135714286,0.10487140105740553,-2.8918650060566025,-0.0026504906737346437
2021-01-10 03:00:00+00:00,40668.08,40574.44935714286,40917.76171428571,0.025781988947414777,0.104850398907258,40574.44935714286,2021-01-10 03:30:00+00:00,40574.44935714286,0.1046090004873298,-2.51859319976947,-0.0023023128423358226
2021-01-10 07:30:00+00:00,40763.15,40683.41685714286,40975.771714285715,0.02565750059732634,0.10458805454739034,40683.41685714286,2021-01-10 08:00:00+00:00,40683.41685714286,0.10438347923134195,-2.1501366397151567,-0.001956010339170096
2021-01-10 08:00:00+00:00,40782.03,40702.72478571429,40993.51057142857,0.025590335272168672,0.10436258207796409,40702.72478571429,2021-01-10 08:30:00+00:00,40702.72478571429,0.10415963737572384,-2.1336066597782817,-0.0019446117391829756
2021-01-14 12:15:00+00:00,37927.34,37822.80135714285,38206.10971428571,0.020401664510451792,0.07737808664538387,38045.06628571428,2021-01-14 12:45:00+00:00,38206.10971428571,0.07794682326403703,5.609419363267603,0.007350099276292884
2021-01-15 01:45:00+00:00,39175.74,39070.019785714285,39457.66057142857,0.02672367880771127,0.10469198928144068,39189.92271428571,2021-01-15 02:15:00+00:00,39457.66057142857,0.10544538476145501,7.428509415382095,0.007196304943533188
2021-01-18 14:30:00+00:00,36389.53,36282.382,36675.258,0.028971072455195417,0.10542437102405072,36366.11542857143,2021-01-18 15:00:00+00:00,36366.11542857143,0.10535653649951428,-0.783701781863953,-0.0006434425349425952
2021-01-19 17:00:00+00:00,37202.15,37115.66878571429,37432.766571428576,0.028314346995741348,0.1053354584087619,37115.66878571429,2021-01-19 17:30:00+00:00,37115.66878571429,0.10509059249777204,-2.553749702396478,-0.0023246294712996897
2021-01-19 17:30:00+00:00,37226.94,37137.57,37465.26,0.028224062975007177,0.10506954989268139,37137.57,2021-01-19 18:00:00+00:00,37137.57,0.10481731144187373,-2.6272018195183393,-0.002400680797293643
2021-01-23 06:45:00+00:00,32820.11,32732.404142857144,33053.99228571429,0.030588445856896174,0.10039161577523768,32868.66428571428,2021-01-23 07:15:00+00:00,32868.66428571428,0.10054013578920683,1.384660003902287,0.001479406550260773
2021-01-24 09:30:00+00:00,32663.95,32613.149071428572,32799.41914285714,0.032122492715839016,0.10492474959455299,32613.149071428572,2021-01-24 10:00:00+00:00,32613.149071428572,0.10476156434875364,-1.7366140223423339,-0.0015552598069562564
2021-01-25 16:00:00+00:00,34113.12,34020.13585714286,34361.07771428572,0.030703903869642907,0.1047405957173593,34020.13585714286,2021-01-25 16:30:00+00:00,34020.13585714286,0.10445509809899062,-2.9594312817859243,-0.0027257589706583666
2021-01-25 16:30:00+00:00,33754.73,33660.43035714286,34006.19571428572,0.03093912424410118,0.10443417852960896,33739.39914285714,2021-01-25 17:00:00+00:00,34006.19571428572,0.1052121914273507,7.674916785990118,0.007449791904296603
2021-01-29 03:30:00+00:00,33634.99,33540.37342857142,33887.30085714285,0.031274344600772885,0.105191226790355,33540.37342857142,2021-01-29 04:00:00+00:00,33540.37342857142,0.10489531966437492,-3.0639665794652524,-0.002813039974995515
2021-01-29 04:00:00+00:00,33315.4,33220.25414285714,33569.122285714286,0.031479229128189797,0.10487431100972945,33220.25414285714,2021-01-29 04:30:00+00:00,33220.25414285714,0.10457479918596965,-3.099693036784052,-0.0028559121950467144
2021-01-29 14:30:00+00:00,36680.0,36486.993714285716,37194.68342857143,0.01733478950914185,0.06358400791953231,37096.53957142858,2021-01-29 15:00:00+00:00,37096.53957142858,0.06430607049882656,7.15631972244371,0.011356040660539173
2021-01-29 16:15:00+00:00,37010.35,36815.15971428571,37530.85742857143,0.02696423325095292,0.09979557100994053,36815.15971428571,2021-01-29 16:45:00+00:00,36815.15971428571,0.09926925537070852,-5.362425647690832,-0.005273937850203659
2021-01-29 16:45:00+00:00,36039.18,35839.51885714286,36571.60971428572,0.020978925438578284,0.07560632700875017,35839.51885714286,2021-01-29 17:45:00+00:00,35839.51885714286,0.07518745938585204,-4.263863688367148,-0.005540113367094961
2021-01-30 10:15:00+00:00,34025.32,33920.42928571429,34305.02857142857,0.03064863422974268,0.10428295872299483,34085.546714285716,2021-01-30 10:45:00+00:00,34305.02857142857,0.10514022729265865,8.467545469345477,0.008220600759333676
2021-01-30 11:00:00+00:00,34087.97,33984.82185714286,34363.03171428572,0.03083764887555846,0.10511928497405706,33984.82185714286,2021-01-30 11:30:00+00:00,33984.82185714286,0.10480120035289761,-3.2856474119473975,-0.0030259397334937333
2021-02-02 12:45:00+00:00,34779.91,34701.520000000004,34988.950000000004,0.030126647338755308,0.10478020830436492,34816.78171428572,2021-02-02 13:15:00+00:00,34988.950000000004,0.10540997574033427,6.192264383953101,0.006010366329297599
2021-02-02 14:00:00+00:00,34798.96,34731.13257142857,34979.83314285714,0.030285088037668304,0.10538895672192979,34731.13257142857,2021-02-02 14:30:00+00:00,34731.13257142857,0.10518354075736434,-2.1593431864117427,-0.0019491222890404987
2021-02-03 19:30:00+00:00,36857.25,36780.821142857145,37061.06028571429,0.0285323738226852,0.10516248350761642,36780.821142857145,2021-02-03 20:00:00+00:00,36780.821142857145,0.10494441383533236,-2.2856411366758786,-0.0020736451347524603
2021-02-03 20:15:00+00:00,36818.09,36755.748499999994,36984.333999999995,0.028497785503158384,0.10492340314559806,36914.02014285714,2021-02-03 20:45:00+00:00,36914.02014285714,0.10519678280904107,2.6285998516211224,0.0026055165506179605
2021-02-04 02:15:00+00:00,37708.97,37624.60614285714,37933.940285714285,0.027891446197137074,0.10517577079044561,37727.741571428574,2021-02-04 02:45:00+00:00,37727.741571428574,0.10522812741789919,0.41833814711786643,0.0004978012241801679
2021-02-04 03:30:00+00:00,37598.18,37514.45407142857,37821.44914285714,0.027981962698215266,0.10520708702807834,37514.45407142857,2021-02-04 04:00:00+00:00,37514.45407142857,0.10497280544706242,-2.4477886156063007,-0.0022268612090114927
2021-02-04 07:30:00+00:00,37857.53,37788.703571428574,38041.067142857144,0.027722830162933216,0.10495178745781492,38300.695857142855,2021-02-04 08:00:00+00:00,38300.695857142855,0.10618036863697312,12.17963142294515,0.011706148212597496
2020-11-06 03:45:00+00:00,15430.48,15376.369857142856,15574.773714285713,0.06879841419149868,0.10615925542136366,15440.107428571428,2020-11-06 04:30:00+00:00,15440.107428571428,0.10622549060320928,0.5561263278529646,0.0006239228184364989
2020-12-01 13:00:00+00:00,18181.46,18079.415,18453.579999999998,0.05203794998706877,0.09461259061718913,18609.919571428574,2020-12-01 13:30:00+00:00,18453.579999999998,0.09602864731223724,14.064538303168861,0.014966894847828448
2020-12-13 15:15:00+00:00,19142.27,19121.516642857143,19197.612285714287,0.056211329533990474,0.107601244699862,19167.711428571427,2020-12-13 15:45:00+00:00,19167.711428571427,0.10774425435238638,1.3223522708915498,0.0013290706155239954
2020-12-15 04:45:00+00:00,19180.71,19153.84264285714,19252.356285714286,0.05616200849837214,0.10772271980248116,19153.84264285714,2020-12-15 05:15:00+00:00,19153.84264285714,0.10757182732846254,-1.616496567514507,-0.0014007488327000912
2020-12-20 21:30:00+00:00,23572.34,23518.21142857143,23716.682857142856,0.04562563490673792,0.10755029787374945,23518.21142857143,2020-12-20 22:00:00+00:00,23518.21142857143,0.10730333282994714,-2.576953770853147,-0.00229627484706947
2020-12-21 10:15:00+00:00,22772.61,22711.697357142857,22935.043714285715,0.047110035901408207,0.10728184746687676,22711.697357142857,2020-12-21 10:45:00+00:00,22711.697357142857,0.10699488778769178,-2.9765916796373784,-0.0026748204468940323
2020-12-25 14:30:00+00:00,23984.69,23921.882214285713,24152.177428571427,0.043601610019819534,0.10457710998262654,23978.37614285714,2020-12-25 15:00:00+00:00,24152.177428571427,0.10530738213700591,7.197414161656804,0.006983097491417592
2020-12-27 12:15:00+00:00,26934.87,26806.723285714284,27276.59457142857,0.039978935788193434,0.10768274381933378,26948.84457142857,2020-12-27 12:45:00+00:00,27276.59457142857,0.10904892228917284,13.552735776101585,0.012687069639785562
2020-12-30 08:45:00+00:00,27732.3,27651.283499999998,27948.344,0.03931417485118868,0.109027249122562,27687.07642857143,2020-12-30 09:45:00+00:00,27687.07642857143,0.1088494563831082,-1.8867768509211582,-0.0016307183835661205
2020-12-31 01:15:00+00:00,28458.51,28380.31264285714,28667.036285714283,0.03824081749626302,0.10882766871255761,28582.884,2020-12-31 01:45:00+00:00,28582.884,0.10930328505608564,4.646860150224123,0.0043703623274725135
2021-01-04 10:15:00+00:00,29071.89,28804.693714285713,29784.413428571428,0.020449661504195412,0.059451030978720364,29711.806857142856,2021-01-04 10:45:00+00:00,29784.413428571428,0.06090811727152981,14.509954810822943,0.02450901639251623
2021-01-06 08:15:00+00:00,34179.69,34065.951,34482.994,0.03239541445188449,0.11072652233869319,34364.717,2021-01-06 08:45:00+00:00,34482.994,0.11170908821718463,9.713949696697075,0.008873807808087096
2021-01-06 09:00:00+00:00,34031.79,33913.743,34346.582,0.03281838676605874,0.11168684465612903,33913.743,2021-01-06 09:30:00+00:00,33913.743,0.11129943344587173,-3.9854115360187645,-0.003468727328183403
2021-01-06 12:30:00+00:00,34594.43,34478.57814285714,34903.368285714285,0.032166199824093515,0.11127713481806155,34478.57814285714,2021-01-06 13:00:00+00:00,34903.368285714285,0.11227087188122141,9.82509975971735,0.008930289810073025
2021-01-06 13:00:00+00:00,34549.78,34433.32492857143,34860.326857142856,0.032488923831223086,0.11224851708055149,34433.32492857143,2021-01-06 13:30:00+00:00,34433.32492857143,0.11187016708601123,-3.8953701124885445,-0.0033706458168061395
2021-01-06 19:45:00+00:00,34816.72,34711.58392857143,35097.08285714286,0.032124724907341806,0.11184775521759457,34990.88028571429,2021-01-06 20:15:00+00:00,34990.88028571429,0.11240724034443013,5.482444028011064,0.0050022025542407825
2021-01-07 06:15:00+00:00,36812.07,36703.61935714286,37101.271714285715,0.03052933856881015,0.1123848148448739,36908.35014285714,2021-01-07 06:45:00+00:00,37101.271714285715,0.11326772854988482,8.715869321559003,0.007856165499134248
2021-01-07 07:45:00+00:00,36859.85,36760.98671428571,37123.485428571425,0.03072317529657481,0.1132451632955453,36760.98671428571,2021-01-07 08:15:00+00:00,36760.98671428571,0.11294142388980577,-3.1503354812852202,-0.0026821402071437483
2021-01-08 18:15:00+00:00,40231.48,40043.62321428572,40732.431428571435,0.02404359359215866,0.09673093547310595,40043.62321428572,2021-01-08 18:45:00+00:00,40043.62321428572,0.09627926025218159,-4.613031469495671,-0.004669397837571084
2021-01-09 15:00:00+00:00,40300.03,40188.047928571425,40598.648857142856,0.027902666323223673,0.11244782899059037,40505.939857142854,2021-01-09 15:30:00+00:00,40505.939857142854,0.11302237239424236,5.632411664125492,0.005109421932014812
2021-01-10 11:30:00+00:00,39294.34,39179.95321428571,39599.37142857142,0.0287572778609092,0.11299982537410388,39256.783142857144,2021-01-10 12:00:00+00:00,39256.783142857144,0.11289182207645992,-1.19292479851593,-0.0009557828721096244
2021-01-14 04:00:00+00:00,36887.43,36786.620142857144,37156.256285714284,0.03059829131813056,0.11286923291171488,37129.88585714286,2021-01-14 04:30:00+00:00,37156.256285714284,0.11369179541214056,8.111933208844508,0.007287747769749304
2021-01-14 21:00:00+00:00,39014.09,38918.591428571424,39268.752857142856,0.029135407056606517,0.11366913930930816,38918.591428571424,2021-01-14 21:30:00+00:00,38918.591428571424,0.11339090033411858,-2.895780652229982,-0.002447796973569605
2021-01-15 16:00:00+00:00,35395.0,35221.747642857146,35857.006285714284,0.02617411877096194,0.0926432933898198,35785.58742857143,2021-01-15 16:30:00+00:00,35857.006285714284,0.09385255412934145,11.998754841087301,0.01305286864569244
2021-01-22 22:45:00+00:00,32835.29,32747.69492857143,33068.87685714286,0.03488892757911503,0.11455880548492399,32909.89285714286,2021-01-22 23:15:00+00:00,32909.89285714286,0.11481908685292923,2.4879945931994287,0.002272032838536266
2021-01-23 00:00:00+00:00,32474.39,32373.18457142857,32744.271142857142,0.03534974762072372,0.11479614906369544,32500.12057142857,2021-01-23 00:45:00+00:00,32500.12057142857,0.11488710598430912,0.7946821001527209,0.0007923342494985171
2021-01-25 16:15:00+00:00,33839.42,33744.50557142857,34092.52514285714,0.03394388487119588,0.11486413765880432,33744.50557142857,2021-01-25 16:45:00+00:00,33744.50557142857,0.11454196121519993,-3.3363063972591065,-0.0028048479723183284
2021-01-29 04:00:00+00:00,33315.4,33220.25414285714,33569.122285714286,0.03437419950092526,0.11451902060531255,33220.25414285714,2021-01-29 04:30:00+00:00,33220.25414285714,0.11419196433780103,-3.3847546394529817,-0.0028559121950467144
2021-01-29 04:30:00+00:00,32990.49,32894.59457142857,33246.21114285714,0.03460666793348833,0.11416909323930673,32908.074714285714,2021-01-29 05:00:00+00:00,32908.074714285714,0.11388388139677096,-2.966002306754546,-0.002498152822655363
2021-01-29 16:45:00+00:00,36039.18,35839.51885714286,36571.60971428572,0.01459895253743917,0.0526134278308227,35839.51885714286,2021-01-29 17:45:00+00:00,35839.51885714286,0.05232194347600847,-2.9671654916182773,-0.005540113367094961
2021-02-03 08:00:00+00:00,35922.02,35863.18121428571,36078.92342857143,0.031612670503318695,0.11355909820736243,35922.02657142857,2021-02-03 08:30:00+00:00,35922.02657142857,0.11355911898140303,-0.11335137857516318,1.829359421827272e-07
2021-02-04 08:45:00+00:00,37338.19,37225.62357142857,37638.36714285715,0.01652518000714458,0.06170203108909658,37225.62357142857,2021-02-04 09:15:00+00:00,37225.62357142857,0.06151601303960615,-1.9216965079438721,-0.003014780003300378
2021-02-07 10:30:00+00:00,39275.12,39199.565642857146,39476.59828571429,0.019661933103096704,0.07722247820560955,39199.565642857146,2021-02-07 11:00:00+00:00,39199.565642857146,0.07707392373403052,-1.5626186395243624,-0.0019237205931606838
2021-02-09 09:30:00+00:00,46008.92,45852.02,46427.32,0.007563519914546781,0.034798938266678965,45890.43057142857,2021-02-09 10:00:00+00:00,46427.32,0.0351153959399036,3.12946133630648,0.009093888750268458
2021-02-09 16:00:00+00:00,46468.31,46293.858499999995,46933.513999999996,0.02442170791961487,0.11348354943381189,46484.08457142857,2021-02-09 16:30:00+00:00,46484.08457142857,0.11352207363141045,0.2717199023542328,0.00033946944549027494
2021-02-10 10:30:00+00:00,46727.68,46618.908142857144,47017.73828571429,0.02428953739391811,0.11349937306910395,46618.908142857144,2021-02-10 11:00:00+00:00,46618.908142857144,0.1132351712599562,-2.755253262737273,-0.0023277821013766545
2021-02-11 20:45:00+00:00,47027.49,46899.70221428571,47368.25742857143,0.02407368494587385,0.11321249780552331,46899.70221428571,2021-02-11 21:15:00+00:00,46899.70221428571,0.11290486551620163,-3.1892277587328217,-0.0027172997264852637
2021-02-11 21:15:00+00:00,46961.71,46821.5275,47335.53,0.024037083355752904,0.11288225377986946,46821.5275,2021-02-11 21:45:00+00:00,46821.5275,0.11254529593611767,-3.4821237334540123,-0.0029850382364697246
2021-02-14 13:45:00+00:00,48759.63,48657.15578571428,49032.894571428566,0.023077031794774914,0.11252275318114607,48760.713,2021-02-14 14:15:00+00:00,48760.713,0.11252525242368945,-0.08753282698980987,2.221099708931334e-05
2021-02-15 02:15:00+00:00,46359.53,46218.89,46734.57,0.01638265266866959,0.07594920778727679,46562.45371428571,2021-02-15 02:45:00+00:00,46734.57,0.07656362279296258,6.067586434064895,0.00808981454298611
2021-02-20 14:45:00+00:00,56280.83,56142.4055,56649.962,0.020095992071502273,0.11310191134575674,56142.4055,2021-02-20 15:15:00+00:00,56142.4055,0.11282373358030658,-2.8946013880819925,-0.0024595319578620462
2021-02-20 15:15:00+00:00,56108.62,55954.86614285714,56518.63028571429,0.020104066187301338,0.11280114101581397,56300.513,2021-02-20 16:00:00+00:00,56300.513,0.11318692397310195,3.744642648906641,0.0034200270831825194
2021-02-25 17:00:00+00:00,50095.31,49950.629,50481.126,0.022589804348271934,0.11316432516660305,49950.629,2021-02-25 17:30:00+00:00,49950.629,0.11283749361831183,-3.3811529765305726,-0.002888114675804918
2021-03-02 03:30:00+00:00,48889.86,48752.17778571429,49257.012571428575,0.023075315297780223,0.11281489343643335,48752.17778571429,2021-03-02 04:15:00+00:00,48752.17778571429,0.1124971873858794,-3.28955769292524,-0.0028161711709894996
2021-03-02 14:45:00+00:00,48899.31,48798.77057142857,49167.41514285714,0.023001276741491276,0.11247465617779717,48798.77057142857,2021-03-02 15:15:00+00:00,48798.77057142857,0.11224340265579691,-2.424778622658614,-0.0020560500459296522
2021-03-03 14:30:00+00:00,50740.01,50589.504714285715,51141.35742857143,0.0190880726621887,0.09685289977601814,50589.504714285715,2021-03-03 15:00:00+00:00,50589.504714285715,0.09656561419304237,-2.9694214439508295,-0.0029662052828583856
2021-03-03 15:00:00+00:00,50627.73,50474.39978571429,51036.61057142857,0.014948162334654944,0.07567915266750802,50835.36685714286,2021-03-03 16:00:00+00:00,50835.36685714286,0.07598953161223092,3.027799915616706,0.004101247619493385
2021-03-04 02:45:00+00:00,50791.63,50659.28757142857,51144.54314285714,0.022092127283931583,0.11220951549183579,50659.28757142857,2021-03-04 03:15:00+00:00,50659.28757142857,0.11191714291412933,-3.0356429199787445,-0.0026055952244775013
2021-03-10 01:30:00+00:00,54810.69,54701.606785714284,55101.578571428574,0.020414764026559184,0.11189473024828872,54701.606785714284,2021-03-10 02:00:00+00:00,54701.606785714284,0.11167203944039857,-2.338580118341921,-0.0019901813731175067
2021-03-10 02:00:00+00:00,53764.61,53629.30742857143,54125.41685714286,0.020766389408093857,0.11164968276342971,53658.944285714286,2021-03-10 03:00:00+00:00,54125.41685714286,0.11239894833308363,7.380256748206024,0.006710861608460647
2021-03-12 20:00:00+00:00,56706.54,56587.157785714284,57024.89257142857,0.0198172104081776,0.11237654346997394,56587.157785714284,2021-03-12 20:30:00+00:00,56587.157785714284,0.11213996122402453,-2.477962420718225,-0.0021052635954462583
2021-03-15 04:30:00+00:00,60080.1,59998.19442857143,60298.51485714286,0.018661338708416783,0.11211750957355512,59998.19442857143,2021-03-15 05:00:00+00:00,59998.19442857143,0.11196466281250161,-1.6404322733474972,-0.0013632728878375938
2021-03-20 13:45:00+00:00,59033.13,58929.47314285714,59309.548285714285,0.01896261550001889,0.11194225459526301,58929.47314285714,2021-03-20 14:15:00+00:00,58929.47314285714,0.11174569408266896,-2.0773508200230704,-0.001755909895729024
2021-03-24 22:15:00+00:00,52454.55,52276.146642857144,52930.29228571429,0.01603174499164515,0.08409379692515001,52276.146642857144,2021-03-24 22:45:00+00:00,52276.146642857144,0.08380778521241325,-2.943924912580124,-0.003401103567619187
2021-03-31 20:00:00+00:00,58485.06,58385.24271428571,58751.239428571425,0.019051108679182457,0.11142052341685067,58759.45285714286,2021-03-31 20:30:00+00:00,58751.239428571425,0.11192762473903839,4.959085597137914,0.0045512380182465015
2021-04-10 12:30:00+00:00,60191.39,60128.096,60360.174,0.01859157762002552,0.11190528992422279,60128.096,2021-04-10 13:00:00+00:00,60128.096,0.1117876163928346,-1.2885229302747612,-0.0010515457443332293
2021-04-13 18:45:00+00:00,62641.77,62545.59214285714,62898.24428571428,0.01784196824294762,0.1117652471022029,62545.59214285714,2021-04-13 19:15:00+00:00,62898.24428571428,0.11222284770828758,4.463783213138654,0.004094301385709322
2021-04-14 09:15:00+00:00,63494.08,63370.74464285714,63822.974285714285,0.01767100947030125,0.11220044889880654,63643.38871428571,2021-04-14 10:00:00+00:00,63643.38871428571,0.11246429246922067,2.5259714116720855,0.002351537565166881
2021-04-26 16:15:00+00:00,53063.61,52956.33192857143,53349.684857142856,0.02119000686064967,0.11244182599508386,53068.118428571426,2021-04-26 16:45:00+00:00,53349.684857142856,0.11304801881363549,5.948880166702853,0.005391168394740874
2021-04-26 20:15:00+00:00,53199.07,53090.872,53487.598,0.021245760467082344,0.11302546982915462,53090.872,2021-04-26 20:45:00+00:00,53487.598,0.11363846950675928,6.016358306539542,0.005423553456855513
2021-04-27 14:00:00+00:00,54508.57,54426.407928571425,54727.66885714286,0.020843658733447908,0.11361580311282567,54776.052285714286,2021-04-27 14:30:00+00:00,54776.052285714286,0.11417333406089279,5.461136146610299,0.004907160208280758
2021-04-28 20:15:00+00:00,54771.44,54654.17278571429,55084.152571428574,0.020841255067819177,0.1141505551471754,54654.17278571429,2021-04-28 20:45:00+00:00,54654.17278571429,0.1139061555547733,-2.5579020795759018,-0.0021410285047410074
2021-05-08 13:45:00+00:00,58828.25,58727.36557142857,59097.27514285714,0.019358615951299434,0.11388334988370309,58727.36557142857,2021-05-08 14:15:00+00:00,58727.36557142857,0.11368805159288504,-2.0666709597734876,-0.0017148976651766702
2021-03-01 18:00:00+00:00,48638.58,48511.023,48978.732,0.02336936942911108,0.11366529445273736,48511.023,2021-03-01 18:30:00+00:00,48511.023,0.11336720178711046,-3.0942938580562487,-0.002622547779972209
2021-03-09 07:30:00+00:00,53663.23,53570.148785714286,53911.446571428576,0.021121445454827536,0.11334449853748647,53570.148785714286,2021-03-09 08:00:00+00:00,53570.148785714286,0.113147897558446,-2.0791576879633435,-0.001734543639764464
2021-03-13 16:15:00+00:00,59532.12,59446.285071428574,59761.01314285715,0.019002388680066557,0.11312524831883639,59659.40542857143,2021-03-13 16:45:00+00:00,59761.01314285715,0.11356019996551375,4.235956266807955,0.0038448679949100585
2021-03-18 03:15:00+00:00,58630.1,58528.79192857142,58900.254857142856,0.019365058463261246,0.11353753142068532,58719.73985714286,2021-03-18 04:00:00+00:00,58719.73985714286,0.1137111195281063,1.622169954681727,0.0015289050699701704
2021-03-24 22:15:00+00:00,52454.55,52276.146642857144,52930.29228571429,0.02167369554462128,0.11368839466301142,52276.146642857144,2021-03-24 22:45:00+00:00,52276.146642857144,0.11330172865832615,-3.979961775510988,-0.003401103567619187
2021-04-26 09:00:00+00:00,52408.73,52316.69685714286,52654.15171428572,0.021614534381198328,0.11327902964599403,52443.42257142857,2021-04-26 09:30:00+00:00,52443.42257142857,0.11335401602378552,0.6365097618911773,0.0006619616889889918
2021-04-30 21:15:00+00:00,56700.0,56627.81442857143,56892.49485714286,0.01998789289580574,0.11333135271921854,56829.09585714286,2021-04-30 21:45:00+00:00,56892.49485714286,0.11371610937797502,3.733850478186963,0.003394971025447289
2021-05-05 19:45:00+00:00,57136.04,57048.14792857143,57370.41885714286,0.01989871972782246,0.11369340463176532,57048.14792857143,2021-05-05 20:15:00+00:00,57048.14792857143,0.11351851066219984,-1.8624582063170763,-0.0015382947685658734
2021-05-20 16:00:00+00:00,39433.19,39223.13792857143,39993.32885714286,0.02161288649976746,0.08522650597937653,39223.13792857143,2021-05-20 16:30:00+00:00,39223.13792857143,0.08477252282149386,-4.624604101648311,-0.005326783641611901
2021-05-21 14:15:00+00:00,38435.11,38216.008428571426,39019.38085714286,0.01650738413939713,0.0634463125209984,38216.008428571426,2021-05-21 14:45:00+00:00,38216.008428571426,0.0630846331404867,-3.6798784382575325,-0.0057005579385248275
2021-05-21 14:45:00+00:00,37837.27,37564.45128571428,38564.786571428565,0.010570580322109025,0.03999619017043261,37564.45128571428,2021-05-21 15:15:00+00:00,37564.45128571428,0.03970780495715945,-2.923559937688804,-0.007210317083809515
2021-05-21 16:00:00+00:00,36970.0,36634.28778571429,37865.23257142857,0.0068541216116645605,0.02533968759832388,36639.95157142857,2021-05-21 17:30:00+00:00,36639.95157142857,0.025113468391607146,-2.287305535558948,-0.008927466285405099
2021-06-07 20:45:00+00:00,34440.43,34350.70192857143,34679.70485714286,0.02047320094377685,0.07051058439800806,34350.70192857143,2021-06-07 21:15:00+00:00,34350.70192857143,0.07032688231434257,-1.9073477189690893,-0.00260531217027701
2021-07-26 20:00:00+00:00,38222.6,38069.59614285714,38630.61028571428,0.009588152078536489,0.03664841016370688,38069.59614285714,2021-07-26 20:30:00+00:00,38069.59614285714,0.03650170773861804,-1.5035259586270262,-0.0040029683261436815
2021-07-26 20:00:00+00:00,38222.6,38069.59614285714,38630.61028571428,0.029242136990291705,0.11177105053251238,38069.59614285714,2021-07-26 20:30:00+00:00,38069.59614285714,0.11132363455745092,-4.58548338517197,-0.0040029683261436815
2021-09-07 14:45:00+00:00,47374.1,47228.699,47761.835999999996,0.02349412972255767,0.11130132508894192,47228.699,2021-09-07 15:15:00+00:00,47228.699,0.11095971809336298,-3.527029673882924,-0.003069208702645497
2021-09-24 09:45:00+00:00,42350.81,42211.942142857144,42721.124285714286,0.025563869254477952,0.10826505696612373,42211.942142857144,2021-09-24 10:30:00+00:00,42211.942142857144,0.1079100569917588,-3.6579098006411908,-0.0032789894016868534
2021-09-24 11:00:00+00:00,41179.21,41016.31707142857,41613.59114285714,0.017375575552029003,0.07155124745278682,41148.125857142855,2021-09-24 11:30:00+00:00,41148.125857142855,0.0714972369655184,-0.6116021096498847,-0.000754850393126626
2021-10-03 21:30:00+00:00,47724.54,47651.12164285714,47920.32228571429,0.0231521475466445,0.11049255916757372,47854.96457142857,2021-10-03 22:00:00+00:00,47854.96457142857,0.11079452005971593,2.9088144013624495,0.002732861781979913
2021-10-28 18:30:00+00:00,59153.46,59021.22407142857,59506.08914285714,0.018726274228387182,0.1107723913517932,59391.207285714285,2021-10-28 19:00:00+00:00,59506.08914285714,0.1114327343547996,6.4919972957091625,0.005961259795405749
2021-11-10 20:45:00+00:00,65840.26,65659.62078571429,66321.96457142856,0.016921335645124876,0.11141051384222894,65659.62078571429,2021-11-10 21:15:00+00:00,65659.62078571429,0.11110484816466895,-3.167761623764763,-0.002743598131078273
2021-11-10 21:30:00+00:00,65101.35,64837.45007142857,65805.08314285714,0.01683707869566946,0.10961165531443211,64837.45007142857,2021-11-10 22:00:00+00:00,64837.45007142857,0.10916732492791824,-4.552471190066648,-0.004053678281194335
2021-11-26 08:30:00+00:00,55428.49,55285.805714285714,55808.981428571424,0.01995659422508716,0.11061638834393014,55285.805714285714,2021-11-26 09:00:00+00:00,55285.805714285714,0.11033163910470048,-2.957824031401062,-0.002574204812620437
2021-12-13 02:15:00+00:00,48742.9,48647.175357142856,48998.165714285715,0.022630894817902838,0.11030954430195564,48863.489428571425,2021-12-13 03:30:00+00:00,48863.489428571425,0.11058244896937072,2.6184642251815315,0.00247398961841466
2021-09-24 09:30:00+00:00,42990.95,42864.41128571428,43328.38657142857,0.025717124131949536,0.11056035977004358,42864.41128571428,2021-09-24 10:00:00+00:00,42864.41128571428,0.11023493858776529,-3.364446761370778,-0.002943380276214282
2021-09-24 10:30:00+00:00,42123.05,41976.58978571429,42513.61057142857,0.02616450115979956,0.1102128590579295,41976.58978571429,2021-09-24 11:00:00+00:00,41976.58978571429,0.1098296532132752,-3.9418880997562553,-0.003476961290450504
2021-09-24 11:00:00+00:00,41179.21,41016.31707142857,41613.59114285714,0.02157149974281897,0.08882973179244884,41148.125857142855,2021-09-24 11:30:00+00:00,41148.125857142855,0.08876267863448398,-0.7592942582831115,-0.000754850393126626
2021-11-26 08:30:00+00:00,55428.49,55285.805714285714,55808.981428571424,0.019686152556690734,0.10911737101270066,55285.805714285714,2021-11-26 09:00:00+00:00,55285.805714285714,0.1088364805510993,-2.9177410965649377,-0.002574204812620437
2022-02-28 17:00:00+00:00,40891.62,40752.06278571429,41263.77257142857,0.016057390498506737,0.06566127104565482,41150.02028571429,2022-02-28 17:45:00+00:00,41150.02028571429,0.0660761944749188,4.083158098165053,0.006319150126952272
2022-01-20 22:00:00+00:00,41328.97,41237.9035,41571.814,0.026572619738404978,0.10982190039899473,41237.9035,2022-01-20 22:30:00+00:00,41237.9035,0.10957991285145398,-2.5294553882589326,-0.0022034543807890883
2022-05-05 15:15:00+00:00,37114.16,37015.57421428572,37377.05542857143,0.029519184233222282,0.10955797267012893,37015.57421428572,2022-05-05 15:45:00+00:00,37015.57421428572,0.10926695547300123,-3.019438926749915,-0.002656284978948296
2022-05-05 15:45:00+00:00,36909.67,36797.16871428571,37209.67342857143,0.02959795440603694,0.10924507298018694,36896.33714285714,2022-05-05 16:15:00+00:00,37209.67342857143,0.11013302176023813,8.769354778751655,0.008128044183852856
2022-05-05 16:15:00+00:00,37133.02,37008.40771428571,37465.31942857143,0.029653145354394575,0.11011108395076408,37008.40771428571,2022-05-05 16:45:00+00:00,37008.40771428571,0.1097415693286412,-3.8048877905576406,-0.0033558349338212636
2022-06-07 03:30:00+00:00,29614.54,29526.9715,29848.056,0.037049227866890126,0.10971958406331324,29526.9715,2022-06-07 04:00:00+00:00,29526.9715,0.10939514953226706,-3.3537404599940803,-0.0029569427720302667
2022-07-19 00:30:00+00:00,22274.09,22188.222285714284,22503.070571428572,0.049103347458373164,0.10937323805890752,22188.222285714284,2022-07-19 01:00:00+00:00,22188.222285714284,0.10895159883790473,-4.325343808865727,-0.003855049265119963
2022-09-13 15:30:00+00:00,20904.0,20822.513785714287,21121.29657142857,0.042777205370136455,0.08942147010573326,20822.513785714287,2022-09-13 16:00:00+00:00,20822.513785714287,0.08907289485339977,-3.574825418188282,-0.0038981158766605807
2022-09-13 16:00:00+00:00,20870.14,20814.092714285714,21019.59942857143,0.04958708546211586,0.10348894157863227,20814.092714285714,2022-09-13 16:30:00+00:00,20814.092714285714,0.10321101942396889,-2.8824325660578425,-0.0026855251433044987
2022-10-03 19:00:00+00:00,19512.51,19487.592857142856,19578.955714285712,0.05548478874046549,0.10826474951462202,19487.592857142856,2022-10-03 19:30:00+00:00,19487.592857142856,0.10812649727387758,-1.4906489047184337,-0.0012769829641159753
2022-12-14 19:15:00+00:00,17893.97,17851.42357142857,18007.427142857145,0.06041412730053683,0.10810485814919871,17851.42357142857,2022-12-14 19:45:00+00:00,17851.42357142857,0.10784781761400895,-2.678253169511561,-0.0023776964291004014
2023-03-17 13:15:00+00:00,26595.2,26528.399214285713,26773.33542857143,0.0405434899329325,0.10782622234643263,26528.399214285713,2023-03-17 13:45:00+00:00,26528.399214285713,0.10755538864812073,-2.8158923717673163,-0.002511760983722156
2024-02-13 14:30:00+00:00,48917.15,48825.199785714285,49162.35057142857,0.0219828527391766,0.10753385048702126,48825.199785714285,2024-02-13 15:00:00+00:00,48825.199785714285,0.10733171768502339,-2.1286597376636585,-0.0018797132352501393
2024-03-18 13:45:00+00:00,67552.39,67442.30842857143,67845.94085714285,0.015885482531144524,0.1073102311282062,67442.30842857143,2024-03-18 14:15:00+00:00,67442.30842857143,0.10713536124021325,-1.8558342411697144,-0.0016295733049351902
2024-03-29 15:30:00+00:00,69386.0,69297.15264285714,69622.92628571429,0.015437396114630674,0.1071139166809764,69297.15264285714,2024-03-29 16:00:00+00:00,69297.15264285714,0.10697675949638115,-1.4785486054488053,-0.001280479594483933
2024-04-09 08:00:00+00:00,69883.63,69787.53892857143,70139.87285714287,0.015304778877222522,0.10695535042876343,69974.65085714286,2024-04-09 08:30:00+00:00,70139.87285714287,0.10734752445550735,3.8143927429836983,0.0036667078848488677
2024-04-12 14:45:00+00:00,69270.01,69171.83735714285,69531.8037142857,0.015493875945451565,0.10732609416801893,69503.30614285714,2024-04-12 15:15:00+00:00,69503.30614285714,0.10768756031761703,3.5069739356633094,0.00336792419774652
2024-06-07 18:00:00+00:00,68649.99,68545.8942857143,68927.57857142857,0.01568333206635113,0.10766605895216846,68986.24385714286,2024-06-07 18:30:00+00:00,68986.24385714286,0.10819341704218476,5.165387483120676,0.004898090402385484
2024-06-11 02:15:00+00:00,68155.99,68089.08228571429,68334.41057142858,0.015871214121397883,0.1081718310945853,68131.2277142857,2024-06-11 02:45:00+00:00,68131.2277142857,0.10813253034071461,-0.5011400690475962,-0.0003633178201108905
